geo,metric,month,kind,value,lower,upper
National,net_sales,2020-01-01,actual,44662135.84,,
National,net_sales,2020-02-01,actual,54634865.0,,
National,net_sales,2020-03-01,actual,94126637.19,,
National,net_sales,2020-04-01,actual,42902710.730000004,,
National,net_sales,2020-05-01,actual,57734936.2,,
National,net_sales,2020-06-01,actual,93535140.85,,
National,net_sales,2020-07-01,actual,45033763.7,,
National,net_sales,2020-08-01,actual,57853645.8,,
National,net_sales,2020-09-01,actual,93601634.33,,
National,net_sales,2020-10-01,actual,42912116.21,,
National,net_sales,2020-11-01,actual,57709055.989999995,,
National,net_sales,2020-12-01,actual,98784839.78,,
National,net_sales,2021-01-01,actual,47151529.0,,
National,net_sales,2021-02-01,actual,63717075.61,,
National,net_sales,2021-03-01,actual,112995649.96000001,,
National,net_sales,2021-04-01,actual,49215917.22,,
National,net_sales,2021-05-01,actual,67174020.25,,
National,net_sales,2021-06-01,actual,109063626.38,,
National,net_sales,2021-07-01,actual,49477290.2,,
National,net_sales,2021-08-01,actual,69934658.96,,
National,net_sales,2021-09-01,actual,108280580.00999999,,
National,net_sales,2021-10-01,actual,48010624.28,,
National,net_sales,2021-11-01,actual,69629264.38,,
National,net_sales,2021-12-01,actual,113490372.19999999,,
National,net_sales,2022-01-01,actual,52660316.43000001,,
National,net_sales,2022-02-01,actual,69835250.22,,
National,net_sales,2022-03-01,actual,125847081.88,,
National,net_sales,2022-04-01,actual,52818762.91,,
National,net_sales,2022-05-01,actual,77314406.41,,
National,net_sales,2022-06-01,actual,121050504.28999999,,
National,net_sales,2022-07-01,actual,53134698.61,,
National,net_sales,2022-08-01,actual,79996569.07000001,,
National,net_sales,2022-09-01,actual,119975401.98,,
National,net_sales,2022-10-01,actual,52622352.25,,
National,net_sales,2022-11-01,actual,75809748.32,,
National,net_sales,2022-12-01,actual,118758994.86,,
National,net_sales,2023-01-01,actual,59160623.900000006,,
National,net_sales,2023-02-01,actual,75235285.2,,
National,net_sales,2023-03-01,actual,135258885.42,,
National,net_sales,2023-04-01,actual,55045480.4,,
National,net_sales,2023-05-01,actual,87381166.42,,
National,net_sales,2023-06-01,actual,129076136.69,,
National,net_sales,2023-07-01,actual,57730267.019999996,,
National,net_sales,2023-08-01,actual,87378507.62,,
National,net_sales,2023-09-01,actual,126076736.22,,
National,net_sales,2023-10-01,actual,59941532.78,,
National,net_sales,2023-11-01,actual,82212130.76,,
National,net_sales,2023-12-01,actual,125095363.83,,
National,net_sales,2024-01-01,actual,66767704.32,,
National,net_sales,2024-02-01,actual,84645609.4,,
National,net_sales,2024-03-01,actual,133887706.4,,
National,net_sales,2024-04-01,actual,62761329.42,,
National,net_sales,2024-05-01,actual,93191173.25,,
National,net_sales,2024-06-01,actual,128846691.59,,
National,net_sales,2024-07-01,actual,66720612.69,,
National,net_sales,2024-08-01,actual,89576301.16,,
National,net_sales,2024-09-01,actual,133430093.77,,
National,net_sales,2024-10-01,actual,66384681.769999996,,
National,net_sales,2024-11-01,actual,86323309.15,,
National,net_sales,2024-12-01,actual,142576162.87,,
National,net_sales,2025-01-01,actual,67953081.08,,
National,net_sales,2025-02-01,actual,83030108.73,,
National,net_sales,2025-03-01,actual,135793930.83,,
National,net_sales,2025-04-01,actual,64921529.69,,
National,net_sales,2025-05-01,actual,91035551.82,,
National,net_sales,2025-06-01,actual,137429790.48,,
National,net_sales,2025-07-01,actual,66926460.24,,
National,net_sales,2025-08-01,actual,86987359.34,,
National,net_sales,2025-09-01,actual,141102898.42,,
National,net_sales,2025-10-01,actual,67577542.43,,
National,net_sales,2025-11-01,actual,83477194.2,,
National,net_sales,2025-12-01,actual,148717041.16,,
National,net_sales,2026-01-01,forecast,72464918.73167649,63201599.89526985,81881209.10410824
National,net_sales,2026-02-01,forecast,88602422.15724853,79449584.58805656,98030932.74482611
National,net_sales,2026-03-01,forecast,141424870.49039268,131858863.53163141,150469958.56220692
National,net_sales,2026-04-01,forecast,69852905.28033704,59419955.71968755,80303518.03269233
National,net_sales,2026-05-01,forecast,97412736.46443704,86473054.33062826,108410163.58485214
National,net_sales,2026-06-01,forecast,139893649.1107464,126835575.11713517,151823368.76788414
National,net_sales,2026-07-01,forecast,72320971.63594976,58529764.82928857,85778590.97057624
National,net_sales,2026-08-01,forecast,94864129.52229999,79207264.35692973,110103338.5026282
National,net_sales,2026-09-01,forecast,142428203.84547216,123947507.18385926,159311251.8068594
National,net_sales,2026-10-01,forecast,72583226.65658057,52927799.91223223,90545279.93520112
National,net_sales,2026-11-01,forecast,91144441.73865457,69703858.36820509,112678414.44749819
National,net_sales,2026-12-01,forecast,143245071.32416797,122994133.06463045,171929518.58011755
GL,net_sales,2020-01-01,actual,9317987.25,,
GL,net_sales,2020-02-01,actual,10979607.75,,
GL,net_sales,2020-03-01,actual,19090975.28,,
GL,net_sales,2020-04-01,actual,8429625.79,,
GL,net_sales,2020-05-01,actual,11455232.08,,
GL,net_sales,2020-06-01,actual,18770013.14,,
GL,net_sales,2020-07-01,actual,8996291.62,,
GL,net_sales,2020-08-01,actual,11599653.07,,
GL,net_sales,2020-09-01,actual,18458527.37,,
GL,net_sales,2020-10-01,actual,8578231.51,,
GL,net_sales,2020-11-01,actual,11341791.02,,
GL,net_sales,2020-12-01,actual,19632534.65,,
GL,net_sales,2021-01-01,actual,9563924.28,,
GL,net_sales,2021-02-01,actual,12583882.71,,
GL,net_sales,2021-03-01,actual,22631088.46,,
GL,net_sales,2021-04-01,actual,9755688.06,,
GL,net_sales,2021-05-01,actual,13142286.37,,
GL,net_sales,2021-06-01,actual,21975641.54,,
GL,net_sales,2021-07-01,actual,10480307.57,,
GL,net_sales,2021-08-01,actual,13956532.38,,
GL,net_sales,2021-09-01,actual,22326886.88,,
GL,net_sales,2021-10-01,actual,9944618.94,,
GL,net_sales,2021-11-01,actual,14306938.13,,
GL,net_sales,2021-12-01,actual,22602306.3,,
GL,net_sales,2022-01-01,actual,10454737.8,,
GL,net_sales,2022-02-01,actual,14167624.42,,
GL,net_sales,2022-03-01,actual,25615252.72,,
GL,net_sales,2022-04-01,actual,10669837.39,,
GL,net_sales,2022-05-01,actual,15325419.7,,
GL,net_sales,2022-06-01,actual,24377354.99,,
GL,net_sales,2022-07-01,actual,10716435.65,,
GL,net_sales,2022-08-01,actual,16627625.01,,
GL,net_sales,2022-09-01,actual,24369625.32,,
GL,net_sales,2022-10-01,actual,10685552.21,,
GL,net_sales,2022-11-01,actual,15523001.38,,
GL,net_sales,2022-12-01,actual,23441125.17,,
GL,net_sales,2023-01-01,actual,11689606.75,,
GL,net_sales,2023-02-01,actual,15222023.9,,
GL,net_sales,2023-03-01,actual,26642859.48,,
GL,net_sales,2023-04-01,actual,11537161.57,,
GL,net_sales,2023-05-01,actual,17720896.53,,
GL,net_sales,2023-06-01,actual,26117263.77,,
GL,net_sales,2023-07-01,actual,11496172.93,,
GL,net_sales,2023-08-01,actual,17659832.3,,
GL,net_sales,2023-09-01,actual,25378598.18,,
GL,net_sales,2023-10-01,actual,12112294.67,,
GL,net_sales,2023-11-01,actual,16595190.76,,
GL,net_sales,2023-12-01,actual,25352236.36,,
GL,net_sales,2024-01-01,actual,13475365.02,,
GL,net_sales,2024-02-01,actual,17265523.19,,
GL,net_sales,2024-03-01,actual,27624057.75,,
GL,net_sales,2024-04-01,actual,12486155.29,,
GL,net_sales,2024-05-01,actual,18698386.24,,
GL,net_sales,2024-06-01,actual,25911768.49,,
GL,net_sales,2024-07-01,actual,13510216.45,,
GL,net_sales,2024-08-01,actual,18429511.17,,
GL,net_sales,2024-09-01,actual,27256434.39,,
GL,net_sales,2024-10-01,actual,13273537.11,,
GL,net_sales,2024-11-01,actual,17324152.07,,
GL,net_sales,2024-12-01,actual,28990729.79,,
GL,net_sales,2025-01-01,actual,13432188.11,,
GL,net_sales,2025-02-01,actual,17077782.83,,
GL,net_sales,2025-03-01,actual,27318745.46,,
GL,net_sales,2025-04-01,actual,12996067.23,,
GL,net_sales,2025-05-01,actual,18054988.23,,
GL,net_sales,2025-06-01,actual,27229838.11,,
GL,net_sales,2025-07-01,actual,13608878.35,,
GL,net_sales,2025-08-01,actual,17240182.19,,
GL,net_sales,2025-09-01,actual,28666027.31,,
GL,net_sales,2025-10-01,actual,13620898.0,,
GL,net_sales,2025-11-01,actual,16312057.84,,
GL,net_sales,2025-12-01,actual,30039485.26,,
GL,net_sales,2026-01-01,forecast,14125629.580164658,12134875.990262516,16149257.84920426
GL,net_sales,2026-02-01,forecast,17902039.99019347,15932584.017775886,19935078.515135642
GL,net_sales,2026-03-01,forecast,28391878.55229005,26412133.97400293,30286241.71629291
GL,net_sales,2026-04-01,forecast,13955223.824762015,11901421.668067448,16070067.630612224
GL,net_sales,2026-05-01,forecast,19420421.272383697,17358941.07336831,21528922.700116042
GL,net_sales,2026-06-01,forecast,28168616.46263595,25998653.634443518,30299838.04818624
GL,net_sales,2026-07-01,forecast,14786701.816747691,12629926.795547172,17017974.18004034
GL,net_sales,2026-08-01,forecast,19037500.036330223,16807929.03121807,21117514.442272954
GL,net_sales,2026-09-01,forecast,29554655.25161194,27298365.921695672,31693176.09370397
GL,net_sales,2026-10-01,forecast,14861572.934836546,12531709.16780779,17100662.122328185
GL,net_sales,2026-11-01,forecast,18130813.38416243,15845369.016428744,20504518.11028527
GL,net_sales,2026-12-01,forecast,29769929.683425166,28439069.871927146,33202964.73397823
GP,net_sales,2020-01-01,actual,6381699.94,,
GP,net_sales,2020-02-01,actual,8007832.31,,
GP,net_sales,2020-03-01,actual,13982507.6,,
GP,net_sales,2020-04-01,actual,6231143.47,,
GP,net_sales,2020-05-01,actual,8665891.6,,
GP,net_sales,2020-06-01,actual,13590208.13,,
GP,net_sales,2020-07-01,actual,6707811.21,,
GP,net_sales,2020-08-01,actual,8491142.68,,
GP,net_sales,2020-09-01,actual,13876083.58,,
GP,net_sales,2020-10-01,actual,6507886.11,,
GP,net_sales,2020-11-01,actual,8452027.91,,
GP,net_sales,2020-12-01,actual,14380124.24,,
GP,net_sales,2021-01-01,actual,6960648.62,,
GP,net_sales,2021-02-01,actual,9235598.83,,
GP,net_sales,2021-03-01,actual,16465426.47,,
GP,net_sales,2021-04-01,actual,7295621.33,,
GP,net_sales,2021-05-01,actual,9917799.71,,
GP,net_sales,2021-06-01,actual,16318007.27,,
GP,net_sales,2021-07-01,actual,7271289.09,,
GP,net_sales,2021-08-01,actual,10381171.44,,
GP,net_sales,2021-09-01,actual,15339747.57,,
GP,net_sales,2021-10-01,actual,6819927.9,,
GP,net_sales,2021-11-01,actual,10137966.29,,
GP,net_sales,2021-12-01,actual,16534788.49,,
GP,net_sales,2022-01-01,actual,7866961.18,,
GP,net_sales,2022-02-01,actual,10388003.53,,
GP,net_sales,2022-03-01,actual,18365642.74,,
GP,net_sales,2022-04-01,actual,7784312.6,,
GP,net_sales,2022-05-01,actual,11301583.97,,
GP,net_sales,2022-06-01,actual,17925845.22,,
GP,net_sales,2022-07-01,actual,8004319.66,,
GP,net_sales,2022-08-01,actual,11460343.47,,
GP,net_sales,2022-09-01,actual,17718246.72,,
GP,net_sales,2022-10-01,actual,7701006.92,,
GP,net_sales,2022-11-01,actual,10904730.36,,
GP,net_sales,2022-12-01,actual,17614698.39,,
GP,net_sales,2023-01-01,actual,8620664.41,,
GP,net_sales,2023-02-01,actual,10838322.19,,
GP,net_sales,2023-03-01,actual,19906242.52,,
GP,net_sales,2023-04-01,actual,8118260.03,,
GP,net_sales,2023-05-01,actual,13050276.14,,
GP,net_sales,2023-06-01,actual,18983014.74,,
GP,net_sales,2023-07-01,actual,8596260.99,,
GP,net_sales,2023-08-01,actual,12784382.23,,
GP,net_sales,2023-09-01,actual,18743860.37,,
GP,net_sales,2023-10-01,actual,8702779.24,,
GP,net_sales,2023-11-01,actual,12387725.68,,
GP,net_sales,2023-12-01,actual,18402440.83,,
GP,net_sales,2024-01-01,actual,9573806.69,,
GP,net_sales,2024-02-01,actual,13057879.47,,
GP,net_sales,2024-03-01,actual,19228632.37,,
GP,net_sales,2024-04-01,actual,9240091.78,,
GP,net_sales,2024-05-01,actual,13670197.77,,
GP,net_sales,2024-06-01,actual,19116536.23,,
GP,net_sales,2024-07-01,actual,9904887.11,,
GP,net_sales,2024-08-01,actual,13163350.75,,
GP,net_sales,2024-09-01,actual,19861823.94,,
GP,net_sales,2024-10-01,actual,9659395.89,,
GP,net_sales,2024-11-01,actual,12831457.96,,
GP,net_sales,2024-12-01,actual,20531466.37,,
GP,net_sales,2025-01-01,actual,9737580.83,,
GP,net_sales,2025-02-01,actual,11969258.8,,
GP,net_sales,2025-03-01,actual,19619451.15,,
GP,net_sales,2025-04-01,actual,9865979.24,,
GP,net_sales,2025-05-01,actual,13225130.82,,
GP,net_sales,2025-06-01,actual,19794502.05,,
GP,net_sales,2025-07-01,actual,9575341.68,,
GP,net_sales,2025-08-01,actual,12539289.74,,
GP,net_sales,2025-09-01,actual,20593266.62,,
GP,net_sales,2025-10-01,actual,9957324.68,,
GP,net_sales,2025-11-01,actual,12321157.08,,
GP,net_sales,2025-12-01,actual,22018517.96,,
GP,net_sales,2026-01-01,forecast,10863507.975236155,9448651.946705723,12301728.49156637
GP,net_sales,2026-02-01,forecast,13445051.251977278,12062658.497034438,14886741.173968295
GP,net_sales,2026-03-01,forecast,20932129.18034056,19539475.768408354,22268848.9876336
GP,net_sales,2026-04-01,forecast,10841497.38097762,9419993.79671941,12287484.68022471
GP,net_sales,2026-05-01,forecast,14660663.359981101,13241395.309879178,16086431.65000388
GP,net_sales,2026-06-01,forecast,20768619.274245486,19256258.182117004,22168202.79324346
GP,net_sales,2026-07-01,forecast,11115260.834957322,9661245.938167168,12619071.492273947
GP,net_sales,2026-08-01,forecast,14384758.186545078,12923824.903039444,15802406.280390142
GP,net_sales,2026-09-01,forecast,21071265.02432986,19638610.92965461,22490109.291938547
GP,net_sales,2026-10-01,forecast,11110579.916803159,9642414.564861098,12589292.279035287
GP,net_sales,2026-11-01,forecast,14064294.282800395,12640914.879018776,15634072.866395384
GP,net_sales,2026-12-01,forecast,21085815.535929464,20149676.574558243,23136207.436688952
NE,net_sales,2020-01-01,actual,4843904.91,,
NE,net_sales,2020-02-01,actual,6150814.83,,
NE,net_sales,2020-03-01,actual,10241706.22,,
NE,net_sales,2020-04-01,actual,4737560.19,,
NE,net_sales,2020-05-01,actual,6311852.97,,
NE,net_sales,2020-06-01,actual,10325770.15,,
NE,net_sales,2020-07-01,actual,4993334.93,,
NE,net_sales,2020-08-01,actual,6657302.27,,
NE,net_sales,2020-09-01,actual,10629082.85,,
NE,net_sales,2020-10-01,actual,4853923.51,,
NE,net_sales,2020-11-01,actual,6417230.27,,
NE,net_sales,2020-12-01,actual,11104649.21,,
NE,net_sales,2021-01-01,actual,5318535.72,,
NE,net_sales,2021-02-01,actual,7076129.31,,
NE,net_sales,2021-03-01,actual,12909105.61,,
NE,net_sales,2021-04-01,actual,5276302.14,,
NE,net_sales,2021-05-01,actual,7721547.34,,
NE,net_sales,2021-06-01,actual,12085043.44,,
NE,net_sales,2021-07-01,actual,5308724.39,,
NE,net_sales,2021-08-01,actual,8001680.75,,
NE,net_sales,2021-09-01,actual,12109589.79,,
NE,net_sales,2021-10-01,actual,5253487.7,,
NE,net_sales,2021-11-01,actual,7618956.7,,
NE,net_sales,2021-12-01,actual,12365815.96,,
NE,net_sales,2022-01-01,actual,5718817.82,,
NE,net_sales,2022-02-01,actual,7406193.69,,
NE,net_sales,2022-03-01,actual,13867820.13,,
NE,net_sales,2022-04-01,actual,5925888.35,,
NE,net_sales,2022-05-01,actual,8727177.64,,
NE,net_sales,2022-06-01,actual,12975662.38,,
NE,net_sales,2022-07-01,actual,5994460.86,,
NE,net_sales,2022-08-01,actual,8898762.86,,
NE,net_sales,2022-09-01,actual,13137894.84,,
NE,net_sales,2022-10-01,actual,5959557.73,,
NE,net_sales,2022-11-01,actual,8324572.19,,
NE,net_sales,2022-12-01,actual,13039820.18,,
NE,net_sales,2023-01-01,actual,6789555.62,,
NE,net_sales,2023-02-01,actual,8222618.0,,
NE,net_sales,2023-03-01,actual,14948734.36,,
NE,net_sales,2023-04-01,actual,6057772.9,,
NE,net_sales,2023-05-01,actual,9779142.46,,
NE,net_sales,2023-06-01,actual,14053112.76,,
NE,net_sales,2023-07-01,actual,6143462.31,,
NE,net_sales,2023-08-01,actual,9561076.04,,
NE,net_sales,2023-09-01,actual,14007233.33,,
NE,net_sales,2023-10-01,actual,6794089.48,,
NE,net_sales,2023-11-01,actual,9227800.75,,
NE,net_sales,2023-12-01,actual,13779341.43,,
NE,net_sales,2024-01-01,actual,7273592.54,,
NE,net_sales,2024-02-01,actual,9491627.65,,
NE,net_sales,2024-03-01,actual,15023121.9,,
NE,net_sales,2024-04-01,actual,7336118.24,,
NE,net_sales,2024-05-01,actual,10518965.27,,
NE,net_sales,2024-06-01,actual,14693245.49,,
NE,net_sales,2024-07-01,actual,7346380.26,,
NE,net_sales,2024-08-01,actual,10051924.5,,
NE,net_sales,2024-09-01,actual,14611252.5,,
NE,net_sales,2024-10-01,actual,7442305.36,,
NE,net_sales,2024-11-01,actual,9587721.98,,
NE,net_sales,2024-12-01,actual,15600515.95,,
NE,net_sales,2025-01-01,actual,7347867.27,,
NE,net_sales,2025-02-01,actual,8939080.29,,
NE,net_sales,2025-03-01,actual,15406617.05,,
NE,net_sales,2025-04-01,actual,7303402.71,,
NE,net_sales,2025-05-01,actual,10313951.39,,
NE,net_sales,2025-06-01,actual,15485272.55,,
NE,net_sales,2025-07-01,actual,7229823.5,,
NE,net_sales,2025-08-01,actual,9504980.02,,
NE,net_sales,2025-09-01,actual,15510030.14,,
NE,net_sales,2025-10-01,actual,7364195.6,,
NE,net_sales,2025-11-01,actual,9452723.56,,
NE,net_sales,2025-12-01,actual,16410668.07,,
NE,net_sales,2026-01-01,forecast,8715662.48296386,7711474.459609884,9736433.351743253
NE,net_sales,2026-02-01,forecast,10490389.468744235,9511435.187861918,11494141.959159482
NE,net_sales,2026-03-01,forecast,16611502.815799106,15622609.318000142,17532468.878213283
NE,net_sales,2026-04-01,forecast,8574192.187473167,7570250.883557466,9598006.082935262
NE,net_sales,2026-05-01,forecast,11607236.83851151,10592436.056308735,12612229.334148437
NE,net_sales,2026-06-01,forecast,15855168.72353233,14855476.423109885,16870278.80878248
NE,net_sales,2026-07-01,forecast,8866264.05231968,7898193.963200951,9901166.092014173
NE,net_sales,2026-08-01,forecast,11538717.833257418,10540320.70125242,12514746.468601977
NE,net_sales,2026-09-01,forecast,15713255.245426407,14715427.217634462,16674795.717914207
NE,net_sales,2026-10-01,forecast,8933022.94143709,7904332.194866542,9936610.506183753
NE,net_sales,2026-11-01,forecast,11106876.569689387,10120420.50991925,12181087.718217576
NE,net_sales,2026-12-01,forecast,15764434.632520892,14701750.85504453,16763812.457452556
SA,net_sales,2020-01-01,actual,9343466.86,,
SA,net_sales,2020-02-01,actual,11657693.49,,
SA,net_sales,2020-03-01,actual,19565618.48,,
SA,net_sales,2020-04-01,actual,9176725.33,,
SA,net_sales,2020-05-01,actual,12079592.46,,
SA,net_sales,2020-06-01,actual,19404488.84,,
SA,net_sales,2020-07-01,actual,9512091.47,,
SA,net_sales,2020-08-01,actual,11877503.72,,
SA,net_sales,2020-09-01,actual,19799705.62,,
SA,net_sales,2020-10-01,actual,8877906.72,,
SA,net_sales,2020-11-01,actual,12244565.19,,
SA,net_sales,2020-12-01,actual,20812728.01,,
SA,net_sales,2021-01-01,actual,10043267.43,,
SA,net_sales,2021-02-01,actual,13534826.01,,
SA,net_sales,2021-03-01,actual,23704854.68,,
SA,net_sales,2021-04-01,actual,10165264.66,,
SA,net_sales,2021-05-01,actual,13893926.1,,
SA,net_sales,2021-06-01,actual,22791953.24,,
SA,net_sales,2021-07-01,actual,10192263.04,,
SA,net_sales,2021-08-01,actual,14269715.36,,
SA,net_sales,2021-09-01,actual,22892402.04,,
SA,net_sales,2021-10-01,actual,9890983.86,,
SA,net_sales,2021-11-01,actual,14208888.29,,
SA,net_sales,2021-12-01,actual,23920973.15,,
SA,net_sales,2022-01-01,actual,11011094.13,,
SA,net_sales,2022-02-01,actual,14710288.82,,
SA,net_sales,2022-03-01,actual,26535729.03,,
SA,net_sales,2022-04-01,actual,10624405.75,,
SA,net_sales,2022-05-01,actual,15920810.75,,
SA,net_sales,2022-06-01,actual,25661771.13,,
SA,net_sales,2022-07-01,actual,11096643.26,,
SA,net_sales,2022-08-01,actual,16748788.56,,
SA,net_sales,2022-09-01,actual,25197019.01,,
SA,net_sales,2022-10-01,actual,11220675.62,,
SA,net_sales,2022-11-01,actual,15854050.43,,
SA,net_sales,2022-12-01,actual,24868656.15,,
SA,net_sales,2023-01-01,actual,12310073.36,,
SA,net_sales,2023-02-01,actual,16022993.56,,
SA,net_sales,2023-03-01,actual,28298560.82,,
SA,net_sales,2023-04-01,actual,11331152.73,,
SA,net_sales,2023-05-01,actual,17835320.62,,
SA,net_sales,2023-06-01,actual,27131147.84,,
SA,net_sales,2023-07-01,actual,12308797.94,,
SA,net_sales,2023-08-01,actual,18227146.05,,
SA,net_sales,2023-09-01,actual,26179923.13,,
SA,net_sales,2023-10-01,actual,12700249.99,,
SA,net_sales,2023-11-01,actual,17261327.24,,
SA,net_sales,2023-12-01,actual,26361236.91,,
SA,net_sales,2024-01-01,actual,14335519.4,,
SA,net_sales,2024-02-01,actual,17713940.59,,
SA,net_sales,2024-03-01,actual,28013722.12,,
SA,net_sales,2024-04-01,actual,12795647.46,,
SA,net_sales,2024-05-01,actual,19789340.08,,
SA,net_sales,2024-06-01,actual,26238069.21,,
SA,net_sales,2024-07-01,actual,13971139.29,,
SA,net_sales,2024-08-01,actual,18771513.31,,
SA,net_sales,2024-09-01,actual,27949121.43,,
SA,net_sales,2024-10-01,actual,13920601.94,,
SA,net_sales,2024-11-01,actual,18129118.97,,
SA,net_sales,2024-12-01,actual,29823541.7,,
SA,net_sales,2025-01-01,actual,14026301.65,,
SA,net_sales,2025-02-01,actual,17616153.07,,
SA,net_sales,2025-03-01,actual,27742663.3,,
SA,net_sales,2025-04-01,actual,13385005.59,,
SA,net_sales,2025-05-01,actual,19528520.12,,
SA,net_sales,2025-06-01,actual,29174903.87,,
SA,net_sales,2025-07-01,actual,14084119.22,,
SA,net_sales,2025-08-01,actual,18110727.91,,
SA,net_sales,2025-09-01,actual,29476969.57,,
SA,net_sales,2025-10-01,actual,14048954.91,,
SA,net_sales,2025-11-01,actual,17541431.74,,
SA,net_sales,2025-12-01,actual,32072213.81,,
SA,net_sales,2026-01-01,forecast,15808028.83547329,13720525.986428112,17930004.05051544
SA,net_sales,2026-02-01,forecast,19337340.467090093,17289770.185456105,21485140.584918123
SA,net_sales,2026-03-01,forecast,30001982.634219788,27919876.021162815,31927565.44247915
SA,net_sales,2026-04-01,forecast,15078761.389766254,12896048.637287961,17340618.63072712
SA,net_sales,2026-05-01,forecast,21048922.598018385,18848293.74346437,23319029.99418112
SA,net_sales,2026-06-01,forecast,29671584.13856299,27218081.059255518,31992195.892744638
SA,net_sales,2026-07-01,forecast,15857498.660567354,13413436.523423886,18421324.01553676
SA,net_sales,2026-08-01,forecast,20497825.528120335,17768555.000740588,23038859.048307348
SA,net_sales,2026-09-01,forecast,29969313.902062543,26974971.51884593,32635317.137995336
SA,net_sales,2026-10-01,forecast,15832930.296749964,12837946.253502227,18720218.062840164
SA,net_sales,2026-11-01,forecast,19892951.235125445,16631418.70903174,23193339.829687644
SA,net_sales,2026-12-01,forecast,30344294.51216128,27699498.477533236,34756524.31673332
SG,net_sales,2020-01-01,actual,5955447.3,,
SG,net_sales,2020-02-01,actual,7365659.92,,
SG,net_sales,2020-03-01,actual,13214613.01,,
SG,net_sales,2020-04-01,actual,5847086.23,,
SG,net_sales,2020-05-01,actual,8136247.5,,
SG,net_sales,2020-06-01,actual,12857442.83,,
SG,net_sales,2020-07-01,actual,6122828.8,,
SG,net_sales,2020-08-01,actual,8225270.9,,
SG,net_sales,2020-09-01,actual,12610660.89,,
SG,net_sales,2020-10-01,actual,5850195.68,,
SG,net_sales,2020-11-01,actual,8177471.28,,
SG,net_sales,2020-12-01,actual,13740433.48,,
SG,net_sales,2021-01-01,actual,6498451.66,,
SG,net_sales,2021-02-01,actual,8857863.39,,
SG,net_sales,2021-03-01,actual,15585380.58,,
SG,net_sales,2021-04-01,actual,6825662.76,,
SG,net_sales,2021-05-01,actual,9271986.22,,
SG,net_sales,2021-06-01,actual,14610856.53,,
SG,net_sales,2021-07-01,actual,6572435.71,,
SG,net_sales,2021-08-01,actual,9791386.6,,
SG,net_sales,2021-09-01,actual,14830550.18,,
SG,net_sales,2021-10-01,actual,6950110.55,,
SG,net_sales,2021-11-01,actual,9717415.55,,
SG,net_sales,2021-12-01,actual,15616601.22,,
SG,net_sales,2022-01-01,actual,7374960.29,,
SG,net_sales,2022-02-01,actual,9719310.22,,
SG,net_sales,2022-03-01,actual,17242250.94,,
SG,net_sales,2022-04-01,actual,7371077.34,,
SG,net_sales,2022-05-01,actual,10825880.64,,
SG,net_sales,2022-06-01,actual,16744890.65,,
SG,net_sales,2022-07-01,actual,7375253.62,,
SG,net_sales,2022-08-01,actual,11048336.96,,
SG,net_sales,2022-09-01,actual,16343205.29,,
SG,net_sales,2022-10-01,actual,6842078.28,,
SG,net_sales,2022-11-01,actual,10702041.73,,
SG,net_sales,2022-12-01,actual,16592933.07,,
SG,net_sales,2023-01-01,actual,8368234.8,,
SG,net_sales,2023-02-01,actual,10324841.96,,
SG,net_sales,2023-03-01,actual,19034744.16,,
SG,net_sales,2023-04-01,actual,7440981.58,,
SG,net_sales,2023-05-01,actual,11867894.84,,
SG,net_sales,2023-06-01,actual,17948504.23,,
SG,net_sales,2023-07-01,actual,7873699.07,,
SG,net_sales,2023-08-01,actual,12154068.69,,
SG,net_sales,2023-09-01,actual,17085962.02,,
SG,net_sales,2023-10-01,actual,8441784.05,,
SG,net_sales,2023-11-01,actual,11083854.99,,
SG,net_sales,2023-12-01,actual,16920994.37,,
SG,net_sales,2024-01-01,actual,9181623.12,,
SG,net_sales,2024-02-01,actual,11121429.78,,
SG,net_sales,2024-03-01,actual,18380367.06,,
SG,net_sales,2024-04-01,actual,8712354.62,,
SG,net_sales,2024-05-01,actual,12441967.72,,
SG,net_sales,2024-06-01,actual,17465393.74,,
SG,net_sales,2024-07-01,actual,9466681.63,,
SG,net_sales,2024-08-01,actual,12402948.9,,
SG,net_sales,2024-09-01,actual,18063757.56,,
SG,net_sales,2024-10-01,actual,9246649.87,,
SG,net_sales,2024-11-01,actual,11603186.75,,
SG,net_sales,2024-12-01,actual,19870884.92,,
SG,net_sales,2025-01-01,actual,9639239.14,,
SG,net_sales,2025-02-01,actual,11255790.97,,
SG,net_sales,2025-03-01,actual,18859868.11,,
SG,net_sales,2025-04-01,actual,9260361.31,,
SG,net_sales,2025-05-01,actual,12994773.19,,
SG,net_sales,2025-06-01,actual,19351499.07,,
SG,net_sales,2025-07-01,actual,8997486.39,,
SG,net_sales,2025-08-01,actual,12378920.81,,
SG,net_sales,2025-09-01,actual,19057500.33,,
SG,net_sales,2025-10-01,actual,9237633.27,,
SG,net_sales,2025-11-01,actual,11172351.97,,
SG,net_sales,2025-12-01,actual,19736437.05,,
SG,net_sales,2026-01-01,forecast,10681717.86676726,9437380.596469102,11946603.731681714
SG,net_sales,2026-02-01,forecast,12816757.891785495,11598827.275535112,14079747.473037967
SG,net_sales,2026-03-01,forecast,20331216.428320415,19110218.526539065,21504429.889340457
SG,net_sales,2026-04-01,forecast,10373113.455383005,9125119.981974231,11640958.307000326
SG,net_sales,2026-05-01,forecast,13875617.177045682,12636522.70162758,15123838.656903893
SG,net_sales,2026-06-01,forecast,19441619.475829136,18104328.294776585,20673611.365320463
SG,net_sales,2026-07-01,forecast,10740709.690780768,9473824.517963087,12057189.444440579
SG,net_sales,2026-08-01,forecast,14061958.297507474,12782287.567224925,15322383.31116774
SG,net_sales,2026-09-01,forecast,18984313.435725562,17718209.30837808,20234872.35782192
SG,net_sales,2026-10-01,forecast,10748917.61119419,9453594.47433996,12048840.606243107
SG,net_sales,2026-11-01,forecast,13634856.452057661,12392942.009298174,15011430.332416372
SG,net_sales,2026-12-01,forecast,19466531.32401536,18099380.013468575,20710650.94638863
WC,net_sales,2020-01-01,actual,8819629.58,,
WC,net_sales,2020-02-01,actual,10473256.7,,
WC,net_sales,2020-03-01,actual,18031216.6,,
WC,net_sales,2020-04-01,actual,8480569.72,,
WC,net_sales,2020-05-01,actual,11086119.59,,
WC,net_sales,2020-06-01,actual,18587217.76,,
WC,net_sales,2020-07-01,actual,8701405.67,,
WC,net_sales,2020-08-01,actual,11002773.16,,
WC,net_sales,2020-09-01,actual,18227574.02,,
WC,net_sales,2020-10-01,actual,8243972.68,,
WC,net_sales,2020-11-01,actual,11075970.32,,
WC,net_sales,2020-12-01,actual,19114370.19,,
WC,net_sales,2021-01-01,actual,8766701.29,,
WC,net_sales,2021-02-01,actual,12428775.36,,
WC,net_sales,2021-03-01,actual,21699794.16,,
WC,net_sales,2021-04-01,actual,9897378.27,,
WC,net_sales,2021-05-01,actual,13226474.51,,
WC,net_sales,2021-06-01,actual,21282124.36,,
WC,net_sales,2021-07-01,actual,9652270.4,,
WC,net_sales,2021-08-01,actual,13534172.43,,
WC,net_sales,2021-09-01,actual,20781403.55,,
WC,net_sales,2021-10-01,actual,9151495.33,,
WC,net_sales,2021-11-01,actual,13639099.42,,
WC,net_sales,2021-12-01,actual,22449887.08,,
WC,net_sales,2022-01-01,actual,10233745.21,,
WC,net_sales,2022-02-01,actual,13443829.54,,
WC,net_sales,2022-03-01,actual,24220386.32,,
WC,net_sales,2022-04-01,actual,10443241.48,,
WC,net_sales,2022-05-01,actual,15213533.71,,
WC,net_sales,2022-06-01,actual,23364979.92,,
WC,net_sales,2022-07-01,actual,9947585.56,,
WC,net_sales,2022-08-01,actual,15212712.21,,
WC,net_sales,2022-09-01,actual,23209410.8,,
WC,net_sales,2022-10-01,actual,10213481.49,,
WC,net_sales,2022-11-01,actual,14501352.23,,
WC,net_sales,2022-12-01,actual,23201761.9,,
WC,net_sales,2023-01-01,actual,11382488.96,,
WC,net_sales,2023-02-01,actual,14604485.59,,
WC,net_sales,2023-03-01,actual,26427744.08,,
WC,net_sales,2023-04-01,actual,10560151.59,,
WC,net_sales,2023-05-01,actual,17127635.83,,
WC,net_sales,2023-06-01,actual,24843093.35,,
WC,net_sales,2023-07-01,actual,11311873.78,,
WC,net_sales,2023-08-01,actual,16992002.31,,
WC,net_sales,2023-09-01,actual,24681159.19,,
WC,net_sales,2023-10-01,actual,11190335.35,,
WC,net_sales,2023-11-01,actual,15656231.34,,
WC,net_sales,2023-12-01,actual,24279113.93,,
WC,net_sales,2024-01-01,actual,12927797.55,,
WC,net_sales,2024-02-01,actual,15995208.72,,
WC,net_sales,2024-03-01,actual,25617805.2,,
WC,net_sales,2024-04-01,actual,12190962.03,,
WC,net_sales,2024-05-01,actual,18072316.17,,
WC,net_sales,2024-06-01,actual,25421678.43,,
WC,net_sales,2024-07-01,actual,12521307.95,,
WC,net_sales,2024-08-01,actual,16757052.53,,
WC,net_sales,2024-09-01,actual,25687703.95,,
WC,net_sales,2024-10-01,actual,12842191.6,,
WC,net_sales,2024-11-01,actual,16847671.42,,
WC,net_sales,2024-12-01,actual,27759024.14,,
WC,net_sales,2025-01-01,actual,13769904.08,,
WC,net_sales,2025-02-01,actual,16172042.77,,
WC,net_sales,2025-03-01,actual,26846585.76,,
WC,net_sales,2025-04-01,actual,12110713.61,,
WC,net_sales,2025-05-01,actual,16918188.07,,
WC,net_sales,2025-06-01,actual,26393774.83,,
WC,net_sales,2025-07-01,actual,13430811.1,,
WC,net_sales,2025-08-01,actual,17213258.67,,
WC,net_sales,2025-09-01,actual,27799104.45,,
WC,net_sales,2025-10-01,actual,13348535.97,,
WC,net_sales,2025-11-01,actual,16677472.01,,
WC,net_sales,2025-12-01,actual,28439719.01,,
WC,net_sales,2026-01-01,forecast,14918633.30050841,13115602.00813604,16751439.284993455
WC,net_sales,2026-02-01,forecast,18175836.099246223,16404671.84186123,20032059.272488415
WC,net_sales,2026-03-01,forecast,28471888.130509473,26675368.04086467,30151622.577732988
WC,net_sales,2026-04-01,forecast,14768376.878688917,12892773.758969884,16720291.237061711
WC,net_sales,2026-05-01,forecast,19854810.413775943,17971709.493823647,21799182.99366556
WC,net_sales,2026-06-01,forecast,27652226.611356515,25606923.071446825,29677786.71294283
WC,net_sales,2026-07-01,forecast,15255594.280066404,13203344.398934916,17399995.74579859
WC,net_sales,2026-08-01,forecast,19534610.4631579,17275861.829966348,21634474.532872364
WC,net_sales,2026-09-01,forecast,27091068.68773475,24657148.44294598,29301947.942735247
WC,net_sales,2026-10-01,forecast,15006800.393023722,12575455.623891575,17345475.141079668
WC,net_sales,2026-11-01,forecast,18996118.841625687,16472263.367383942,21573082.570528634
WC,net_sales,2026-12-01,forecast,27548406.572378553,24745536.6541015,30258845.101119053
National,volume,2020-01-01,actual,18063.0,,
National,volume,2020-02-01,actual,22214.0,,
National,volume,2020-03-01,actual,38269.0,,
National,volume,2020-04-01,actual,17256.0,,
National,volume,2020-05-01,actual,23222.0,,
National,volume,2020-06-01,actual,37767.0,,
National,volume,2020-07-01,actual,18081.0,,
National,volume,2020-08-01,actual,23420.0,,
National,volume,2020-09-01,actual,37858.0,,
National,volume,2020-10-01,actual,17442.0,,
National,volume,2020-11-01,actual,23394.0,,
National,volume,2020-12-01,actual,39858.0,,
National,volume,2021-01-01,actual,18904.0,,
National,volume,2021-02-01,actual,25379.0,,
National,volume,2021-03-01,actual,45138.0,,
National,volume,2021-04-01,actual,19518.0,,
National,volume,2021-05-01,actual,26843.0,,
National,volume,2021-06-01,actual,43580.0,,
National,volume,2021-07-01,actual,19745.0,,
National,volume,2021-08-01,actual,27974.0,,
National,volume,2021-09-01,actual,43468.0,,
National,volume,2021-10-01,actual,19222.0,,
National,volume,2021-11-01,actual,27768.0,,
National,volume,2021-12-01,actual,45361.0,,
National,volume,2022-01-01,actual,20577.0,,
National,volume,2022-02-01,actual,27385.0,,
National,volume,2022-03-01,actual,49341.0,,
National,volume,2022-04-01,actual,20716.0,,
National,volume,2022-05-01,actual,30355.0,,
National,volume,2022-06-01,actual,47233.0,,
National,volume,2022-07-01,actual,20925.0,,
National,volume,2022-08-01,actual,31319.0,,
National,volume,2022-09-01,actual,47135.0,,
National,volume,2022-10-01,actual,20820.0,,
National,volume,2022-11-01,actual,29718.0,,
National,volume,2022-12-01,actual,46864.0,,
National,volume,2023-01-01,actual,22783.0,,
National,volume,2023-02-01,actual,28859.0,,
National,volume,2023-03-01,actual,51512.0,,
National,volume,2023-04-01,actual,21123.0,,
National,volume,2023-05-01,actual,33466.0,,
National,volume,2023-06-01,actual,49177.0,,
National,volume,2023-07-01,actual,22066.0,,
National,volume,2023-08-01,actual,33313.0,,
National,volume,2023-09-01,actual,48045.0,,
National,volume,2023-10-01,actual,22934.0,,
National,volume,2023-11-01,actual,31623.0,,
National,volume,2023-12-01,actual,48104.0,,
National,volume,2024-01-01,actual,23340.0,,
National,volume,2024-02-01,actual,29506.0,,
National,volume,2024-03-01,actual,46710.0,,
National,volume,2024-04-01,actual,22084.0,,
National,volume,2024-05-01,actual,32452.0,,
National,volume,2024-06-01,actual,44784.0,,
National,volume,2024-07-01,actual,23201.0,,
National,volume,2024-08-01,actual,31325.0,,
National,volume,2024-09-01,actual,46566.0,,
National,volume,2024-10-01,actual,23111.0,,
National,volume,2024-11-01,actual,29983.0,,
National,volume,2024-12-01,actual,49642.0,,
National,volume,2025-01-01,actual,16867.0,,
National,volume,2025-02-01,actual,20628.0,,
National,volume,2025-03-01,actual,33826.0,,
National,volume,2025-04-01,actual,16241.0,,
National,volume,2025-05-01,actual,22749.0,,
National,volume,2025-06-01,actual,34202.0,,
National,volume,2025-07-01,actual,16753.0,,
National,volume,2025-08-01,actual,21707.0,,
National,volume,2025-09-01,actual,35204.0,,
National,volume,2025-10-01,actual,16897.0,,
National,volume,2025-11-01,actual,20621.0,,
National,volume,2025-12-01,actual,37109.0,,
National,volume,2026-01-01,forecast,12410.081741813874,8114.840554722452,16776.25319197747
National,volume,2026-02-01,forecast,17765.657382307563,13420.017884966233,22610.87685383766
National,volume,2026-03-01,forecast,35876.89443664123,30503.654513191887,40790.108470153114
National,volume,2026-04-01,forecast,11177.150968467808,5162.297928886462,17066.465519203488
National,volume,2026-05-01,forecast,19373.32503421095,12889.028747592292,25823.768885258767
National,volume,2026-06-01,forecast,33550.62828503179,26074.085877823938,40653.88939955314
National,volume,2026-07-01,forecast,10625.738367688504,2592.826083244185,18448.71634384741
National,volume,2026-08-01,forecast,18190.881688071153,9053.111004277913,27112.786168915136
National,volume,2026-09-01,forecast,32654.243848807106,22347.13183136433,42144.680636116864
National,volume,2026-10-01,forecast,9391.399066230124,0.0,19460.156714211545
National,volume,2026-11-01,forecast,16108.742645370698,4249.357237934862,27499.474132591356
National,volume,2026-12-01,forecast,33193.86003986942,20171.99733914405,45185.42338274101
GL,volume,2020-01-01,actual,3784.0,,
GL,volume,2020-02-01,actual,4488.0,,
GL,volume,2020-03-01,actual,7755.0,,
GL,volume,2020-04-01,actual,3398.0,,
GL,volume,2020-05-01,actual,4601.0,,
GL,volume,2020-06-01,actual,7537.0,,
GL,volume,2020-07-01,actual,3636.0,,
GL,volume,2020-08-01,actual,4654.0,,
GL,volume,2020-09-01,actual,7518.0,,
GL,volume,2020-10-01,actual,3527.0,,
GL,volume,2020-11-01,actual,4606.0,,
GL,volume,2020-12-01,actual,7944.0,,
GL,volume,2021-01-01,actual,3800.0,,
GL,volume,2021-02-01,actual,5037.0,,
GL,volume,2021-03-01,actual,9039.0,,
GL,volume,2021-04-01,actual,3839.0,,
GL,volume,2021-05-01,actual,5286.0,,
GL,volume,2021-06-01,actual,8741.0,,
GL,volume,2021-07-01,actual,4110.0,,
GL,volume,2021-08-01,actual,5605.0,,
GL,volume,2021-09-01,actual,8829.0,,
GL,volume,2021-10-01,actual,3946.0,,
GL,volume,2021-11-01,actual,5681.0,,
GL,volume,2021-12-01,actual,9166.0,,
GL,volume,2022-01-01,actual,4066.0,,
GL,volume,2022-02-01,actual,5561.0,,
GL,volume,2022-03-01,actual,9960.0,,
GL,volume,2022-04-01,actual,4152.0,,
GL,volume,2022-05-01,actual,6085.0,,
GL,volume,2022-06-01,actual,9521.0,,
GL,volume,2022-07-01,actual,4180.0,,
GL,volume,2022-08-01,actual,6437.0,,
GL,volume,2022-09-01,actual,9511.0,,
GL,volume,2022-10-01,actual,4237.0,,
GL,volume,2022-11-01,actual,6058.0,,
GL,volume,2022-12-01,actual,9261.0,,
GL,volume,2023-01-01,actual,4517.0,,
GL,volume,2023-02-01,actual,5797.0,,
GL,volume,2023-03-01,actual,10120.0,,
GL,volume,2023-04-01,actual,4391.0,,
GL,volume,2023-05-01,actual,6793.0,,
GL,volume,2023-06-01,actual,9866.0,,
GL,volume,2023-07-01,actual,4389.0,,
GL,volume,2023-08-01,actual,6803.0,,
GL,volume,2023-09-01,actual,9738.0,,
GL,volume,2023-10-01,actual,4591.0,,
GL,volume,2023-11-01,actual,6389.0,,
GL,volume,2023-12-01,actual,9764.0,,
GL,volume,2024-01-01,actual,4707.0,,
GL,volume,2024-02-01,actual,6026.0,,
GL,volume,2024-03-01,actual,9609.0,,
GL,volume,2024-04-01,actual,4460.0,,
GL,volume,2024-05-01,actual,6536.0,,
GL,volume,2024-06-01,actual,9004.0,,
GL,volume,2024-07-01,actual,4666.0,,
GL,volume,2024-08-01,actual,6308.0,,
GL,volume,2024-09-01,actual,9539.0,,
GL,volume,2024-10-01,actual,4645.0,,
GL,volume,2024-11-01,actual,6015.0,,
GL,volume,2024-12-01,actual,10070.0,,
GL,volume,2025-01-01,actual,3350.0,,
GL,volume,2025-02-01,actual,4205.0,,
GL,volume,2025-03-01,actual,6781.0,,
GL,volume,2025-04-01,actual,3287.0,,
GL,volume,2025-05-01,actual,4498.0,,
GL,volume,2025-06-01,actual,6845.0,,
GL,volume,2025-07-01,actual,3402.0,,
GL,volume,2025-08-01,actual,4373.0,,
GL,volume,2025-09-01,actual,7084.0,,
GL,volume,2025-10-01,actual,3418.0,,
GL,volume,2025-11-01,actual,4091.0,,
GL,volume,2025-12-01,actual,7455.0,,
GL,volume,2026-01-01,forecast,2422.2386860102833,1534.3535245770418,3324.786103958388
GL,volume,2026-02-01,forecast,3476.660355422238,2580.4251492905105,4477.650809110278
GL,volume,2026-03-01,forecast,7088.937517421542,5976.419989440574,8104.195983786921
GL,volume,2026-04-01,forecast,2050.1605250382668,805.6556875494864,3277.664710760545
GL,volume,2026-05-01,forecast,3696.0224128654318,2350.7633046233304,5032.650661852408
GL,volume,2026-06-01,forecast,6576.821288145598,5020.914413715581,8045.828498816507
GL,volume,2026-07-01,forecast,1979.3868552031686,298.6332842975282,3615.5179753690036
GL,volume,2026-08-01,forecast,3547.006068546268,1632.9109083069868,5408.8873083751905
GL,volume,2026-09-01,forecast,6487.213105397634,4309.489580291808,8457.312894685343
GL,volume,2026-10-01,forecast,1780.1958833753836,0.0,3880.4987545666554
GL,volume,2026-11-01,forecast,3135.902425803668,641.8833254371528,5544.785343146376
GL,volume,2026-12-01,forecast,6544.369709850846,3786.0315263819766,9101.30882165449
GP,volume,2020-01-01,actual,2606.0,,
GP,volume,2020-02-01,actual,3260.0,,
GP,volume,2020-03-01,actual,5728.0,,
GP,volume,2020-04-01,actual,2521.0,,
GP,volume,2020-05-01,actual,3481.0,,
GP,volume,2020-06-01,actual,5551.0,,
GP,volume,2020-07-01,actual,2662.0,,
GP,volume,2020-08-01,actual,3463.0,,
GP,volume,2020-09-01,actual,5618.0,,
GP,volume,2020-10-01,actual,2641.0,,
GP,volume,2020-11-01,actual,3415.0,,
GP,volume,2020-12-01,actual,5766.0,,
GP,volume,2021-01-01,actual,2801.0,,
GP,volume,2021-02-01,actual,3738.0,,
GP,volume,2021-03-01,actual,6592.0,,
GP,volume,2021-04-01,actual,2894.0,,
GP,volume,2021-05-01,actual,3992.0,,
GP,volume,2021-06-01,actual,6508.0,,
GP,volume,2021-07-01,actual,2915.0,,
GP,volume,2021-08-01,actual,4160.0,,
GP,volume,2021-09-01,actual,6256.0,,
GP,volume,2021-10-01,actual,2746.0,,
GP,volume,2021-11-01,actual,4080.0,,
GP,volume,2021-12-01,actual,6591.0,,
GP,volume,2022-01-01,actual,3040.0,,
GP,volume,2022-02-01,actual,4022.0,,
GP,volume,2022-03-01,actual,7215.0,,
GP,volume,2022-04-01,actual,3053.0,,
GP,volume,2022-05-01,actual,4453.0,,
GP,volume,2022-06-01,actual,6993.0,,
GP,volume,2022-07-01,actual,3097.0,,
GP,volume,2022-08-01,actual,4484.0,,
GP,volume,2022-09-01,actual,6910.0,,
GP,volume,2022-10-01,actual,3059.0,,
GP,volume,2022-11-01,actual,4299.0,,
GP,volume,2022-12-01,actual,6924.0,,
GP,volume,2023-01-01,actual,3317.0,,
GP,volume,2023-02-01,actual,4192.0,,
GP,volume,2023-03-01,actual,7616.0,,
GP,volume,2023-04-01,actual,3089.0,,
GP,volume,2023-05-01,actual,4986.0,,
GP,volume,2023-06-01,actual,7303.0,,
GP,volume,2023-07-01,actual,3279.0,,
GP,volume,2023-08-01,actual,4874.0,,
GP,volume,2023-09-01,actual,7085.0,,
GP,volume,2023-10-01,actual,3345.0,,
GP,volume,2023-11-01,actual,4737.0,,
GP,volume,2023-12-01,actual,7043.0,,
GP,volume,2024-01-01,actual,3394.0,,
GP,volume,2024-02-01,actual,4459.0,,
GP,volume,2024-03-01,actual,6667.0,,
GP,volume,2024-04-01,actual,3254.0,,
GP,volume,2024-05-01,actual,4792.0,,
GP,volume,2024-06-01,actual,6654.0,,
GP,volume,2024-07-01,actual,3407.0,,
GP,volume,2024-08-01,actual,4623.0,,
GP,volume,2024-09-01,actual,6877.0,,
GP,volume,2024-10-01,actual,3365.0,,
GP,volume,2024-11-01,actual,4474.0,,
GP,volume,2024-12-01,actual,7166.0,,
GP,volume,2025-01-01,actual,2418.0,,
GP,volume,2025-02-01,actual,2959.0,,
GP,volume,2025-03-01,actual,4894.0,,
GP,volume,2025-04-01,actual,2441.0,,
GP,volume,2025-05-01,actual,3333.0,,
GP,volume,2025-06-01,actual,4958.0,,
GP,volume,2025-07-01,actual,2369.0,,
GP,volume,2025-08-01,actual,3154.0,,
GP,volume,2025-09-01,actual,5172.0,,
GP,volume,2025-10-01,actual,2454.0,,
GP,volume,2025-11-01,actual,3022.0,,
GP,volume,2025-12-01,actual,5506.0,,
GP,volume,2026-01-01,forecast,1827.6898041374634,1178.7994939511211,2487.2956849755365
GP,volume,2026-02-01,forecast,2614.603447960127,1955.3524843432394,3347.705801449501
GP,volume,2026-03-01,forecast,5251.299553022465,4442.080299560603,5995.019231246714
GP,volume,2026-04-01,forecast,1630.223011525684,726.5083646346005,2510.6155874369547
GP,volume,2026-05-01,forecast,2889.133740346764,1915.3166717711333,3852.3665101745446
GP,volume,2026-06-01,forecast,4999.697282814742,3877.61572251262,6066.113858124719
GP,volume,2026-07-01,forecast,1580.984836338361,389.3279246793065,2744.4710314667955
GP,volume,2026-08-01,forecast,2713.248193170724,1368.5027483123572,4033.340459344604
GP,volume,2026-09-01,forecast,4866.89171789341,3358.578096133523,6261.100681572736
GP,volume,2026-10-01,forecast,1444.6545113738844,0.0,2906.119727467922
GP,volume,2026-11-01,forecast,2481.7452846534497,747.5954010126286,4155.082677898814
GP,volume,2026-12-01,forecast,4941.570706548746,3060.7987864453085,6660.9072040586825
NE,volume,2020-01-01,actual,1915.0,,
NE,volume,2020-02-01,actual,2497.0,,
NE,volume,2020-03-01,actual,4178.0,,
NE,volume,2020-04-01,actual,1916.0,,
NE,volume,2020-05-01,actual,2548.0,,
NE,volume,2020-06-01,actual,4206.0,,
NE,volume,2020-07-01,actual,1972.0,,
NE,volume,2020-08-01,actual,2728.0,,
NE,volume,2020-09-01,actual,4247.0,,
NE,volume,2020-10-01,actual,1933.0,,
NE,volume,2020-11-01,actual,2624.0,,
NE,volume,2020-12-01,actual,4481.0,,
NE,volume,2021-01-01,actual,2127.0,,
NE,volume,2021-02-01,actual,2807.0,,
NE,volume,2021-03-01,actual,5215.0,,
NE,volume,2021-04-01,actual,2110.0,,
NE,volume,2021-05-01,actual,3070.0,,
NE,volume,2021-06-01,actual,4849.0,,
NE,volume,2021-07-01,actual,2121.0,,
NE,volume,2021-08-01,actual,3174.0,,
NE,volume,2021-09-01,actual,4888.0,,
NE,volume,2021-10-01,actual,2064.0,,
NE,volume,2021-11-01,actual,3099.0,,
NE,volume,2021-12-01,actual,4981.0,,
NE,volume,2022-01-01,actual,2269.0,,
NE,volume,2022-02-01,actual,2966.0,,
NE,volume,2022-03-01,actual,5480.0,,
NE,volume,2022-04-01,actual,2341.0,,
NE,volume,2022-05-01,actual,3426.0,,
NE,volume,2022-06-01,actual,5120.0,,
NE,volume,2022-07-01,actual,2411.0,,
NE,volume,2022-08-01,actual,3465.0,,
NE,volume,2022-09-01,actual,5244.0,,
NE,volume,2022-10-01,actual,2334.0,,
NE,volume,2022-11-01,actual,3263.0,,
NE,volume,2022-12-01,actual,5210.0,,
NE,volume,2023-01-01,actual,2548.0,,
NE,volume,2023-02-01,actual,3167.0,,
NE,volume,2023-03-01,actual,5683.0,,
NE,volume,2023-04-01,actual,2320.0,,
NE,volume,2023-05-01,actual,3746.0,,
NE,volume,2023-06-01,actual,5402.0,,
NE,volume,2023-07-01,actual,2371.0,,
NE,volume,2023-08-01,actual,3650.0,,
NE,volume,2023-09-01,actual,5341.0,,
NE,volume,2023-10-01,actual,2623.0,,
NE,volume,2023-11-01,actual,3581.0,,
NE,volume,2023-12-01,actual,5285.0,,
NE,volume,2024-01-01,actual,2545.0,,
NE,volume,2024-02-01,actual,3319.0,,
NE,volume,2024-03-01,actual,5246.0,,
NE,volume,2024-04-01,actual,2542.0,,
NE,volume,2024-05-01,actual,3642.0,,
NE,volume,2024-06-01,actual,5056.0,,
NE,volume,2024-07-01,actual,2570.0,,
NE,volume,2024-08-01,actual,3530.0,,
NE,volume,2024-09-01,actual,5067.0,,
NE,volume,2024-10-01,actual,2580.0,,
NE,volume,2024-11-01,actual,3310.0,,
NE,volume,2024-12-01,actual,5463.0,,
NE,volume,2025-01-01,actual,1831.0,,
NE,volume,2025-02-01,actual,2226.0,,
NE,volume,2025-03-01,actual,3810.0,,
NE,volume,2025-04-01,actual,1811.0,,
NE,volume,2025-05-01,actual,2541.0,,
NE,volume,2025-06-01,actual,3821.0,,
NE,volume,2025-07-01,actual,1826.0,,
NE,volume,2025-08-01,actual,2361.0,,
NE,volume,2025-09-01,actual,3902.0,,
NE,volume,2025-10-01,actual,1833.0,,
NE,volume,2025-11-01,actual,2307.0,,
NE,volume,2025-12-01,actual,3980.0,,
NE,volume,2026-01-01,forecast,1269.252291503928,802.6204626262244,1743.5899317525082
NE,volume,2026-02-01,forecast,1842.2213566314217,1369.6347344561132,2368.967709553632
NE,volume,2026-03-01,forecast,3900.5714639751736,3315.78596813233,4436.310148581707
NE,volume,2026-04-01,forecast,1093.1591252381056,433.92477291343187,1743.3678923920024
NE,volume,2026-05-01,forecast,2041.6080491941777,1325.6060891413686,2753.591235742061
NE,volume,2026-06-01,forecast,3577.076300370145,2741.83085647669,4361.253540524032
NE,volume,2026-07-01,forecast,1001.7933116285876,100.18125208983598,1877.9418792705217
NE,volume,2026-08-01,forecast,1897.9517377086713,861.2743925847044,2898.348828553798
NE,volume,2026-09-01,forecast,3484.6427016653984,2302.3685595745583,4548.310544709947
NE,volume,2026-10-01,forecast,891.2413157173128,0.0,2018.5274219104754
NE,volume,2026-11-01,forecast,1657.1080355948352,300.75628339421746,2958.9972877238038
NE,volume,2026-12-01,forecast,3489.873709366956,1980.1126623810503,4885.6767986345685
SA,volume,2020-01-01,actual,3739.0,,
SA,volume,2020-02-01,actual,4705.0,,
SA,volume,2020-03-01,actual,7956.0,,
SA,volume,2020-04-01,actual,3697.0,,
SA,volume,2020-05-01,actual,4878.0,,
SA,volume,2020-06-01,actual,7814.0,,
SA,volume,2020-07-01,actual,3827.0,,
SA,volume,2020-08-01,actual,4825.0,,
SA,volume,2020-09-01,actual,8037.0,,
SA,volume,2020-10-01,actual,3596.0,,
SA,volume,2020-11-01,actual,4938.0,,
SA,volume,2020-12-01,actual,8371.0,,
SA,volume,2021-01-01,actual,4024.0,,
SA,volume,2021-02-01,actual,5325.0,,
SA,volume,2021-03-01,actual,9454.0,,
SA,volume,2021-04-01,actual,4054.0,,
SA,volume,2021-05-01,actual,5523.0,,
SA,volume,2021-06-01,actual,9070.0,,
SA,volume,2021-07-01,actual,4082.0,,
SA,volume,2021-08-01,actual,5737.0,,
SA,volume,2021-09-01,actual,9156.0,,
SA,volume,2021-10-01,actual,4030.0,,
SA,volume,2021-11-01,actual,5638.0,,
SA,volume,2021-12-01,actual,9507.0,,
SA,volume,2022-01-01,actual,4283.0,,
SA,volume,2022-02-01,actual,5735.0,,
SA,volume,2022-03-01,actual,10338.0,,
SA,volume,2022-04-01,actual,4179.0,,
SA,volume,2022-05-01,actual,6209.0,,
SA,volume,2022-06-01,actual,9910.0,,
SA,volume,2022-07-01,actual,4346.0,,
SA,volume,2022-08-01,actual,6595.0,,
SA,volume,2022-09-01,actual,9842.0,,
SA,volume,2022-10-01,actual,4457.0,,
SA,volume,2022-11-01,actual,6276.0,,
SA,volume,2022-12-01,actual,9810.0,,
SA,volume,2023-01-01,actual,4765.0,,
SA,volume,2023-02-01,actual,6122.0,,
SA,volume,2023-03-01,actual,10828.0,,
SA,volume,2023-04-01,actual,4362.0,,
SA,volume,2023-05-01,actual,6852.0,,
SA,volume,2023-06-01,actual,10294.0,,
SA,volume,2023-07-01,actual,4724.0,,
SA,volume,2023-08-01,actual,6964.0,,
SA,volume,2023-09-01,actual,9976.0,,
SA,volume,2023-10-01,actual,4800.0,,
SA,volume,2023-11-01,actual,6674.0,,
SA,volume,2023-12-01,actual,10165.0,,
SA,volume,2024-01-01,actual,4987.0,,
SA,volume,2024-02-01,actual,6235.0,,
SA,volume,2024-03-01,actual,9750.0,,
SA,volume,2024-04-01,actual,4460.0,,
SA,volume,2024-05-01,actual,6831.0,,
SA,volume,2024-06-01,actual,9157.0,,
SA,volume,2024-07-01,actual,4862.0,,
SA,volume,2024-08-01,actual,6611.0,,
SA,volume,2024-09-01,actual,9781.0,,
SA,volume,2024-10-01,actual,4874.0,,
SA,volume,2024-11-01,actual,6247.0,,
SA,volume,2024-12-01,actual,10353.0,,
SA,volume,2025-01-01,actual,3503.0,,
SA,volume,2025-02-01,actual,4387.0,,
SA,volume,2025-03-01,actual,7012.0,,
SA,volume,2025-04-01,actual,3398.0,,
SA,volume,2025-05-01,actual,4873.0,,
SA,volume,2025-06-01,actual,7255.0,,
SA,volume,2025-07-01,actual,3496.0,,
SA,volume,2025-08-01,actual,4554.0,,
SA,volume,2025-09-01,actual,7349.0,,
SA,volume,2025-10-01,actual,3538.0,,
SA,volume,2025-11-01,actual,4336.0,,
SA,volume,2025-12-01,actual,8045.0,,
SA,volume,2026-01-01,forecast,1140.1903470757024,227.57464985552105,2067.876693106517
SA,volume,2026-02-01,forecast,2140.76474440136,1251.7008878032686,3117.03797797858
SA,volume,2026-03-01,forecast,5067.874220083791,3975.7457418920067,6057.254899623979
SA,volume,2026-04-01,forecast,1428.5666372881824,158.53859851056336,2672.6430347463856
SA,volume,2026-05-01,forecast,3017.0189630629875,1554.2485190011575,4500.296549163462
SA,volume,2026-06-01,forecast,5510.602763015424,3731.530921252261,7284.956155829312
SA,volume,2026-07-01,forecast,1727.9775156484588,0.0,3853.398178608385
SA,volume,2026-08-01,forecast,2864.3137418460656,300.4255631810969,5430.617163719094
SA,volume,2026-09-01,forecast,5774.645559887807,2787.6956922583176,8587.557883332993
SA,volume,2026-10-01,forecast,1837.0388461424222,0.0,4915.195781095718
SA,volume,2026-11-01,forecast,2587.7033698515434,0.0,6222.033291816552
SA,volume,2026-12-01,forecast,6165.074310763637,1877.6306153951432,10295.05460873896
SG,volume,2020-01-01,actual,2444.0,,
SG,volume,2020-02-01,actual,3021.0,,
SG,volume,2020-03-01,actual,5320.0,,
SG,volume,2020-04-01,actual,2329.0,,
SG,volume,2020-05-01,actual,3243.0,,
SG,volume,2020-06-01,actual,5136.0,,
SG,volume,2020-07-01,actual,2523.0,,
SG,volume,2020-08-01,actual,3278.0,,
SG,volume,2020-09-01,actual,5082.0,,
SG,volume,2020-10-01,actual,2366.0,,
SG,volume,2020-11-01,actual,3326.0,,
SG,volume,2020-12-01,actual,5552.0,,
SG,volume,2021-01-01,actual,2619.0,,
SG,volume,2021-02-01,actual,3515.0,,
SG,volume,2021-03-01,actual,6192.0,,
SG,volume,2021-04-01,actual,2728.0,,
SG,volume,2021-05-01,actual,3721.0,,
SG,volume,2021-06-01,actual,5901.0,,
SG,volume,2021-07-01,actual,2648.0,,
SG,volume,2021-08-01,actual,3916.0,,
SG,volume,2021-09-01,actual,5963.0,,
SG,volume,2021-10-01,actual,2730.0,,
SG,volume,2021-11-01,actual,3832.0,,
SG,volume,2021-12-01,actual,6235.0,,
SG,volume,2022-01-01,actual,2885.0,,
SG,volume,2022-02-01,actual,3785.0,,
SG,volume,2022-03-01,actual,6773.0,,
SG,volume,2022-04-01,actual,2888.0,,
SG,volume,2022-05-01,actual,4279.0,,
SG,volume,2022-06-01,actual,6495.0,,
SG,volume,2022-07-01,actual,2931.0,,
SG,volume,2022-08-01,actual,4299.0,,
SG,volume,2022-09-01,actual,6511.0,,
SG,volume,2022-10-01,actual,2727.0,,
SG,volume,2022-11-01,actual,4109.0,,
SG,volume,2022-12-01,actual,6531.0,,
SG,volume,2023-01-01,actual,3197.0,,
SG,volume,2023-02-01,actual,3970.0,,
SG,volume,2023-03-01,actual,7252.0,,
SG,volume,2023-04-01,actual,2902.0,,
SG,volume,2023-05-01,actual,4489.0,,
SG,volume,2023-06-01,actual,6832.0,,
SG,volume,2023-07-01,actual,2989.0,,
SG,volume,2023-08-01,actual,4619.0,,
SG,volume,2023-09-01,actual,6571.0,,
SG,volume,2023-10-01,actual,3251.0,,
SG,volume,2023-11-01,actual,4244.0,,
SG,volume,2023-12-01,actual,6483.0,,
SG,volume,2024-01-01,actual,3230.0,,
SG,volume,2024-02-01,actual,3894.0,,
SG,volume,2024-03-01,actual,6421.0,,
SG,volume,2024-04-01,actual,3060.0,,
SG,volume,2024-05-01,actual,4346.0,,
SG,volume,2024-06-01,actual,6099.0,,
SG,volume,2024-07-01,actual,3328.0,,
SG,volume,2024-08-01,actual,4323.0,,
SG,volume,2024-09-01,actual,6295.0,,
SG,volume,2024-10-01,actual,3194.0,,
SG,volume,2024-11-01,actual,4058.0,,
SG,volume,2024-12-01,actual,6965.0,,
SG,volume,2025-01-01,actual,2391.0,,
SG,volume,2025-02-01,actual,2822.0,,
SG,volume,2025-03-01,actual,4667.0,,
SG,volume,2025-04-01,actual,2281.0,,
SG,volume,2025-05-01,actual,3232.0,,
SG,volume,2025-06-01,actual,4786.0,,
SG,volume,2025-07-01,actual,2293.0,,
SG,volume,2025-08-01,actual,3026.0,,
SG,volume,2025-09-01,actual,4829.0,,
SG,volume,2025-10-01,actual,2317.0,,
SG,volume,2025-11-01,actual,2767.0,,
SG,volume,2025-12-01,actual,4968.0,,
SG,volume,2026-01-01,forecast,1628.7740488257093,1022.0803065232371,2245.486540919249
SG,volume,2026-02-01,forecast,2268.466292203892,1667.6122394108415,2947.6993679237567
SG,volume,2026-03-01,forecast,4809.612935181312,4071.164850077995,5495.314370565944
SG,volume,2026-04-01,forecast,1342.2903238078698,505.0945747763229,2171.7915687964937
SG,volume,2026-05-01,forecast,2472.39093805954,1561.7253263376056,3363.023306357468
SG,volume,2026-06-01,forecast,4403.958797439249,3358.6011518786395,5408.584836675664
SG,volume,2026-07-01,forecast,1255.2076375920246,110.06837295854366,2381.7970370424605
SG,volume,2026-08-01,forecast,2323.9100525824956,1005.7928293571683,3583.0875001285417
SG,volume,2026-09-01,forecast,4233.349604400582,2740.666051404134,5598.084149352409
SG,volume,2026-10-01,forecast,1068.8276347475426,0.0,2504.243253394174
SG,volume,2026-11-01,forecast,1976.9944655677464,249.452750742243,3642.91264271199
SG,volume,2026-12-01,forecast,4325.912417315002,2377.0052870203954,6133.756273142659
WC,volume,2020-01-01,actual,3575.0,,
WC,volume,2020-02-01,actual,4243.0,,
WC,volume,2020-03-01,actual,7332.0,,
WC,volume,2020-04-01,actual,3395.0,,
WC,volume,2020-05-01,actual,4471.0,,
WC,volume,2020-06-01,actual,7523.0,,
WC,volume,2020-07-01,actual,3461.0,,
WC,volume,2020-08-01,actual,4472.0,,
WC,volume,2020-09-01,actual,7356.0,,
WC,volume,2020-10-01,actual,3379.0,,
WC,volume,2020-11-01,actual,4485.0,,
WC,volume,2020-12-01,actual,7744.0,,
WC,volume,2021-01-01,actual,3533.0,,
WC,volume,2021-02-01,actual,4957.0,,
WC,volume,2021-03-01,actual,8646.0,,
WC,volume,2021-04-01,actual,3893.0,,
WC,volume,2021-05-01,actual,5251.0,,
WC,volume,2021-06-01,actual,8511.0,,
WC,volume,2021-07-01,actual,3869.0,,
WC,volume,2021-08-01,actual,5382.0,,
WC,volume,2021-09-01,actual,8376.0,,
WC,volume,2021-10-01,actual,3706.0,,
WC,volume,2021-11-01,actual,5438.0,,
WC,volume,2021-12-01,actual,8881.0,,
WC,volume,2022-01-01,actual,4034.0,,
WC,volume,2022-02-01,actual,5316.0,,
WC,volume,2022-03-01,actual,9575.0,,
WC,volume,2022-04-01,actual,4103.0,,
WC,volume,2022-05-01,actual,5903.0,,
WC,volume,2022-06-01,actual,9194.0,,
WC,volume,2022-07-01,actual,3960.0,,
WC,volume,2022-08-01,actual,6039.0,,
WC,volume,2022-09-01,actual,9117.0,,
WC,volume,2022-10-01,actual,4006.0,,
WC,volume,2022-11-01,actual,5713.0,,
WC,volume,2022-12-01,actual,9128.0,,
WC,volume,2023-01-01,actual,4439.0,,
WC,volume,2023-02-01,actual,5611.0,,
WC,volume,2023-03-01,actual,10013.0,,
WC,volume,2023-04-01,actual,4059.0,,
WC,volume,2023-05-01,actual,6600.0,,
WC,volume,2023-06-01,actual,9480.0,,
WC,volume,2023-07-01,actual,4314.0,,
WC,volume,2023-08-01,actual,6403.0,,
WC,volume,2023-09-01,actual,9334.0,,
WC,volume,2023-10-01,actual,4324.0,,
WC,volume,2023-11-01,actual,5998.0,,
WC,volume,2023-12-01,actual,9364.0,,
WC,volume,2024-01-01,actual,4477.0,,
WC,volume,2024-02-01,actual,5573.0,,
WC,volume,2024-03-01,actual,9017.0,,
WC,volume,2024-04-01,actual,4308.0,,
WC,volume,2024-05-01,actual,6305.0,,
WC,volume,2024-06-01,actual,8814.0,,
WC,volume,2024-07-01,actual,4368.0,,
WC,volume,2024-08-01,actual,5930.0,,
WC,volume,2024-09-01,actual,9007.0,,
WC,volume,2024-10-01,actual,4453.0,,
WC,volume,2024-11-01,actual,5879.0,,
WC,volume,2024-12-01,actual,9625.0,,
WC,volume,2025-01-01,actual,3374.0,,
WC,volume,2025-02-01,actual,4029.0,,
WC,volume,2025-03-01,actual,6662.0,,
WC,volume,2025-04-01,actual,3023.0,,
WC,volume,2025-05-01,actual,4272.0,,
WC,volume,2025-06-01,actual,6537.0,,
WC,volume,2025-07-01,actual,3367.0,,
WC,volume,2025-08-01,actual,4239.0,,
WC,volume,2025-09-01,actual,6868.0,,
WC,volume,2025-10-01,actual,3337.0,,
WC,volume,2025-11-01,actual,4098.0,,
WC,volume,2025-12-01,actual,7155.0,,
WC,volume,2026-01-01,forecast,2420.8446484603264,1584.5328683253642,3270.9670184996708
WC,volume,2026-02-01,forecast,3422.060609046386,2565.167139409005,4371.281824334929
WC,volume,2026-03-01,forecast,6940.867002686641,5893.259737483205,7903.767109834807
WC,volume,2026-04-01,forecast,2133.652228766273,962.7318327878485,3273.6354233272846
WC,volume,2026-05-01,forecast,3735.792437857155,2468.597859769806,4983.8457109686915
WC,volume,2026-06-01,forecast,6559.941127996642,5095.877857580809,7939.450525299281
WC,volume,2026-07-01,forecast,2058.1247641938417,514.9368156654866,3566.172032523372
WC,volume,2026-08-01,forecast,3527.984272154584,1790.2292657341304,5249.144685826894
WC,volume,2026-09-01,forecast,6413.820063492518,4459.975351658365,8215.713465089862
WC,volume,2026-10-01,forecast,1887.520266222792,0.0,3773.6504874030857
WC,volume,2026-11-01,forecast,3232.491803734979,995.324481294594,5389.88818947898
WC,volume,2026-12-01,forecast,6564.654196476849,4137.301415182095,8780.17333001435
